adaugaRestaurant, Wed May 04 00:09:57 EEST 2022
adaugaRestaurant, Wed May 04 00:09:57 EEST 2022
adaugaRestaurant, Wed May 04 00:09:57 EEST 2022
adaugaCurier, Wed May 04 00:09:57 EEST 2022
adaugaCurier, Wed May 04 00:09:57 EEST 2022
adaugaCurier, Wed May 04 00:09:57 EEST 2022
adaugaCurier, Wed May 04 00:09:57 EEST 2022
adaugaClient, Wed May 04 00:09:57 EEST 2022
adaugaClient, Wed May 04 00:09:57 EEST 2022
adaugaClient, Wed May 04 00:09:57 EEST 2022
adaugaFelMancare, Wed May 04 00:09:57 EEST 2022
adaugaFelMancare, Wed May 04 00:09:57 EEST 2022
adaugaFelMancare, Wed May 04 00:09:57 EEST 2022
adaugaFelMancare, Wed May 04 00:09:57 EEST 2022
adaugaFelMancare, Wed May 04 00:09:57 EEST 2022
adaugaFelMancare, Wed May 04 00:09:57 EEST 2022
adaugaFelMancare, Wed May 04 00:09:57 EEST 2022
stergeFelMancare, Wed May 04 00:09:57 EEST 2022
afiseazaComanda, Wed May 04 00:09:57 EEST 2022
afiseazaComanda, Wed May 04 00:09:57 EEST 2022
afiseazaComanda, Wed May 04 00:09:57 EEST 2022
afisareComenziEfectuate, Wed May 04 00:09:57 EEST 2022
afisareComenziEfectuate, Wed May 04 00:09:57 EEST 2022
afisareNrComenziEfectuate, Wed May 04 00:09:57 EEST 2022
marireSalariu, Wed May 04 00:09:57 EEST 2022
eliminaClient, Wed May 04 00:09:57 EEST 2022
eliminaCurier, Wed May 04 00:09:57 EEST 2022
eliminaRestaurant, Wed May 04 00:09:57 EEST 2022
